guid,msg
fe675a35-763f-4584-8946-d649b303c3b4,register abby pass
9dae9b4c-e00d-459c-8158-61cd3d868831,register anna pass
a4814586-4cef-4885-9674-0edc685d3bc6,register aria pass
b30df051-e2fa-45fb-a1e5-9b0b0038c2ff,register abby pass
164a445c-5129-490c-80ce-a3d9cf9c13a0,register anna pass
68f8c64d-faee-46d7-b04e-1608c6e46cb3,register aria pass
38de9f1f-7d76-4ce5-be7b-a8641266974b,register abby pass
cf406476-403e-4c86-9517-5b41a78997fe,register abby pass
92692f1f-b3c4-4a6b-a5c8-9bc29a7852dc,register aria pass
